动画,https://www.bilibili.com/v/douga/?type=1
番剧,https://www.bilibili.com/anime/?type=2
国创,https://www.bilibili.com/guochuang/?type=3
音乐,https://www.bilibili.com/v/music/?type=4
舞蹈,https://www.bilibili.com/v/dance/?type=5
游戏,https://www.bilibili.com/v/game/?type=6
科技,https://www.bilibili.com/v/technology/?type=7
数码,https://www.bilibili.com/v/digital/?type=8
生活,https://www.bilibili.com/v/life/?type=9
鬼畜,https://www.bilibili.com/v/kichiku/?type=10
时尚,https://www.bilibili.com/v/fashion/?type=11
广告,https://www.bilibili.com/v/ad/ad/?type=12
娱乐,https://www.bilibili.com/v/ent/?type=13
影视,https://www.bilibili.com/v/cinephile/?type=14
放映厅,https://www.bilibili.com/cinema/?type=15
动画,https://www.bilibili.com/v/douga/?type=1
番剧,https://www.bilibili.com/anime/?type=2
国创,https://www.bilibili.com/guochuang/?type=3
音乐,https://www.bilibili.com/v/music/?type=4
舞蹈,https://www.bilibili.com/v/dance/?type=5
游戏,https://www.bilibili.com/v/game/?type=6
科技,https://www.bilibili.com/v/technology/?type=7
数码,https://www.bilibili.com/v/digital/?type=8
生活,https://www.bilibili.com/v/life/?type=9
鬼畜,https://www.bilibili.com/v/kichiku/?type=10
时尚,https://www.bilibili.com/v/fashion/?type=11
广告,https://www.bilibili.com/v/ad/ad/?type=12
娱乐,https://www.bilibili.com/v/ent/?type=13
影视,https://www.bilibili.com/v/cinephile/?type=14
放映厅,https://www.bilibili.com/cinema/?type=15
动画,https://www.bilibili.com/v/douga/?type=1
番剧,https://www.bilibili.com/anime/?type=2
国创,https://www.bilibili.com/guochuang/?type=3
音乐,https://www.bilibili.com/v/music/?type=4
舞蹈,https://www.bilibili.com/v/dance/?type=5
游戏,https://www.bilibili.com/v/game/?type=6
科技,https://www.bilibili.com/v/technology/?type=7
数码,https://www.bilibili.com/v/digital/?type=8
生活,https://www.bilibili.com/v/life/?type=9
鬼畜,https://www.bilibili.com/v/kichiku/?type=10
时尚,https://www.bilibili.com/v/fashion/?type=11
广告,https://www.bilibili.com/v/ad/ad/?type=12
娱乐,https://www.bilibili.com/v/ent/?type=13
影视,https://www.bilibili.com/v/cinephile/?type=14
放映厅,https://www.bilibili.com/cinema/?type=15
动画,https://www.bilibili.com/v/douga/?type=1
番剧,https://www.bilibili.com/anime/?type=2
国创,https://www.bilibili.com/guochuang/?type=3
音乐,https://www.bilibili.com/v/music/?type=4
舞蹈,https://www.bilibili.com/v/dance/?type=5
游戏,https://www.bilibili.com/v/game/?type=6
科技,https://www.bilibili.com/v/technology/?type=7
数码,https://www.bilibili.com/v/digital/?type=8
生活,https://www.bilibili.com/v/life/?type=9
鬼畜,https://www.bilibili.com/v/kichiku/?type=10
时尚,https://www.bilibili.com/v/fashion/?type=11
广告,https://www.bilibili.com/v/ad/ad/?type=12
娱乐,https://www.bilibili.com/v/ent/?type=13
影视,https://www.bilibili.com/v/cinephile/?type=14
放映厅,https://www.bilibili.com/cinema/?type=15
动画,https://www.bilibili.com/v/douga/?type=1
番剧,https://www.bilibili.com/anime/?type=2
国创,https://www.bilibili.com/guochuang/?type=3
音乐,https://www.bilibili.com/v/music/?type=4
舞蹈,https://www.bilibili.com/v/dance/?type=5
游戏,https://www.bilibili.com/v/game/?type=6
科技,https://www.bilibili.com/v/technology/?type=7
数码,https://www.bilibili.com/v/digital/?type=8
生活,https://www.bilibili.com/v/life/?type=9
鬼畜,https://www.bilibili.com/v/kichiku/?type=10
时尚,https://www.bilibili.com/v/fashion/?type=11
广告,https://www.bilibili.com/v/ad/ad/?type=12
娱乐,https://www.bilibili.com/v/ent/?type=13
影视,https://www.bilibili.com/v/cinephile/?type=14
放映厅,https://www.bilibili.com/cinema/?type=15
动画,https://www.bilibili.com/v/douga/?type=1
番剧,https://www.bilibili.com/anime/?type=2
国创,https://www.bilibili.com/guochuang/?type=3
音乐,https://www.bilibili.com/v/music/?type=4
舞蹈,https://www.bilibili.com/v/dance/?type=5
游戏,https://www.bilibili.com/v/game/?type=6
科技,https://www.bilibili.com/v/technology/?type=7
数码,https://www.bilibili.com/v/digital/?type=8
生活,https://www.bilibili.com/v/life/?type=9
鬼畜,https://www.bilibili.com/v/kichiku/?type=10
时尚,https://www.bilibili.com/v/fashion/?type=11
广告,https://www.bilibili.com/v/ad/ad/?type=12
娱乐,https://www.bilibili.com/v/ent/?type=13
影视,https://www.bilibili.com/v/cinephile/?type=14
放映厅,https://www.bilibili.com/cinema/?type=15
动画,https://www.bilibili.com/v/douga/?type=1
番剧,https://www.bilibili.com/anime/?type=2
国创,https://www.bilibili.com/guochuang/?type=3
音乐,https://www.bilibili.com/v/music/?type=4
舞蹈,https://www.bilibili.com/v/dance/?type=5
游戏,https://www.bilibili.com/v/game/?type=6
科技,https://www.bilibili.com/v/technology/?type=7
数码,https://www.bilibili.com/v/digital/?type=8
生活,https://www.bilibili.com/v/life/?type=9
鬼畜,https://www.bilibili.com/v/kichiku/?type=10
时尚,https://www.bilibili.com/v/fashion/?type=11
广告,https://www.bilibili.com/v/ad/ad/?type=12
娱乐,https://www.bilibili.com/v/ent/?type=13
影视,https://www.bilibili.com/v/cinephile/?type=14
放映厅,https://www.bilibili.com/cinema/?type=15
动画,https://www.bilibili.com/v/douga/?type=1
番剧,https://www.bilibili.com/anime/?type=2
国创,https://www.bilibili.com/guochuang/?type=3
音乐,https://www.bilibili.com/v/music/?type=4
舞蹈,https://www.bilibili.com/v/dance/?type=5
游戏,https://www.bilibili.com/v/game/?type=6
科技,https://www.bilibili.com/v/technology/?type=7
数码,https://www.bilibili.com/v/digital/?type=8
生活,https://www.bilibili.com/v/life/?type=9
鬼畜,https://www.bilibili.com/v/kichiku/?type=10
时尚,https://www.bilibili.com/v/fashion/?type=11
广告,https://www.bilibili.com/v/ad/ad/?type=12
娱乐,https://www.bilibili.com/v/ent/?type=13
影视,https://www.bilibili.com/v/cinephile/?type=14
放映厅,https://www.bilibili.com/cinema/?type=15
动画,https://www.bilibili.com/v/douga/?type=1
番剧,https://www.bilibili.com/anime/?type=2
国创,https://www.bilibili.com/guochuang/?type=3
音乐,https://www.bilibili.com/v/music/?type=4
舞蹈,https://www.bilibili.com/v/dance/?type=5
游戏,https://www.bilibili.com/v/game/?type=6
科技,https://www.bilibili.com/v/technology/?type=7
数码,https://www.bilibili.com/v/digital/?type=8
生活,https://www.bilibili.com/v/life/?type=9
鬼畜,https://www.bilibili.com/v/kichiku/?type=10
时尚,https://www.bilibili.com/v/fashion/?type=11
广告,https://www.bilibili.com/v/ad/ad/?type=12
娱乐,https://www.bilibili.com/v/ent/?type=13
影视,https://www.bilibili.com/v/cinephile/?type=14
放映厅,https://www.bilibili.com/cinema/?type=15
动画,https://www.bilibili.com/v/douga/?type=1
番剧,https://www.bilibili.com/anime/?type=2
国创,https://www.bilibili.com/guochuang/?type=3
音乐,https://www.bilibili.com/v/music/?type=4
舞蹈,https://www.bilibili.com/v/dance/?type=5
游戏,https://www.bilibili.com/v/game/?type=6
科技,https://www.bilibili.com/v/technology/?type=7
数码,https://www.bilibili.com/v/digital/?type=8
生活,https://www.bilibili.com/v/life/?type=9
鬼畜,https://www.bilibili.com/v/kichiku/?type=10
时尚,https://www.bilibili.com/v/fashion/?type=11
广告,https://www.bilibili.com/v/ad/ad/?type=12
娱乐,https://www.bilibili.com/v/ent/?type=13
影视,https://www.bilibili.com/v/cinephile/?type=14
放映厅,https://www.bilibili.com/cinema/?type=15
动画,https://www.bilibili.com/v/douga/?type=1
番剧,https://www.bilibili.com/anime/?type=2
国创,https://www.bilibili.com/guochuang/?type=3
音乐,https://www.bilibili.com/v/music/?type=4
舞蹈,https://www.bilibili.com/v/dance/?type=5
游戏,https://www.bilibili.com/v/game/?type=6
科技,https://www.bilibili.com/v/technology/?type=7
数码,https://www.bilibili.com/v/digital/?type=8
生活,https://www.bilibili.com/v/life/?type=9
鬼畜,https://www.bilibili.com/v/kichiku/?type=10
时尚,https://www.bilibili.com/v/fashion/?type=11
广告,https://www.bilibili.com/v/ad/ad/?type=12
娱乐,https://www.bilibili.com/v/ent/?type=13
影视,https://www.bilibili.com/v/cinephile/?type=14
放映厅,https://www.bilibili.com/cinema/?type=15
动画,https://www.bilibili.com/v/douga/?type=1
番剧,https://www.bilibili.com/anime/?type=2
国创,https://www.bilibili.com/guochuang/?type=3
音乐,https://www.bilibili.com/v/music/?type=4
舞蹈,https://www.bilibili.com/v/dance/?type=5
游戏,https://www.bilibili.com/v/game/?type=6
科技,https://www.bilibili.com/v/technology/?type=7
数码,https://www.bilibili.com/v/digital/?type=8
生活,https://www.bilibili.com/v/life/?type=9
鬼畜,https://www.bilibili.com/v/kichiku/?type=10
时尚,https://www.bilibili.com/v/fashion/?type=11
广告,https://www.bilibili.com/v/ad/ad/?type=12
娱乐,https://www.bilibili.com/v/ent/?type=13
影视,https://www.bilibili.com/v/cinephile/?type=14
放映厅,https://www.bilibili.com/cinema/?type=15
动画,https://www.bilibili.com/v/douga/?type=1
番剧,https://www.bilibili.com/anime/?type=2
国创,https://www.bilibili.com/guochuang/?type=3
音乐,https://www.bilibili.com/v/music/?type=4
舞蹈,https://www.bilibili.com/v/dance/?type=5
游戏,https://www.bilibili.com/v/game/?type=6
科技,https://www.bilibili.com/v/technology/?type=7
数码,https://www.bilibili.com/v/digital/?type=8
生活,https://www.bilibili.com/v/life/?type=9
鬼畜,https://www.bilibili.com/v/kichiku/?type=10
时尚,https://www.bilibili.com/v/fashion/?type=11
广告,https://www.bilibili.com/v/ad/ad/?type=12
娱乐,https://www.bilibili.com/v/ent/?type=13
影视,https://www.bilibili.com/v/cinephile/?type=14
放映厅,https://www.bilibili.com/cinema/?type=15
动画,https://www.bilibili.com/v/douga/?type=1
番剧,https://www.bilibili.com/anime/?type=2
国创,https://www.bilibili.com/guochuang/?type=3
音乐,https://www.bilibili.com/v/music/?type=4
舞蹈,https://www.bilibili.com/v/dance/?type=5
游戏,https://www.bilibili.com/v/game/?type=6
科技,https://www.bilibili.com/v/technology/?type=7
数码,https://www.bilibili.com/v/digital/?type=8
生活,https://www.bilibili.com/v/life/?type=9
鬼畜,https://www.bilibili.com/v/kichiku/?type=10
时尚,https://www.bilibili.com/v/fashion/?type=11
广告,https://www.bilibili.com/v/ad/ad/?type=12
娱乐,https://www.bilibili.com/v/ent/?type=13
影视,https://www.bilibili.com/v/cinephile/?type=14
放映厅,https://www.bilibili.com/cinema/?type=15
动画,https://www.bilibili.com/v/douga/?type=1
番剧,https://www.bilibili.com/anime/?type=2
国创,https://www.bilibili.com/guochuang/?type=3
音乐,https://www.bilibili.com/v/music/?type=4
舞蹈,https://www.bilibili.com/v/dance/?type=5
游戏,https://www.bilibili.com/v/game/?type=6
科技,https://www.bilibili.com/v/technology/?type=7
数码,https://www.bilibili.com/v/digital/?type=8
生活,https://www.bilibili.com/v/life/?type=9
鬼畜,https://www.bilibili.com/v/kichiku/?type=10
时尚,https://www.bilibili.com/v/fashion/?type=11
广告,https://www.bilibili.com/v/ad/ad/?type=12
娱乐,https://www.bilibili.com/v/ent/?type=13
影视,https://www.bilibili.com/v/cinephile/?type=14
放映厅,https://www.bilibili.com/cinema/?type=15
动画,https://www.bilibili.com/v/douga/?type=1
番剧,https://www.bilibili.com/anime/?type=2
国创,https://www.bilibili.com/guochuang/?type=3
音乐,https://www.bilibili.com/v/music/?type=4
舞蹈,https://www.bilibili.com/v/dance/?type=5
游戏,https://www.bilibili.com/v/game/?type=6
科技,https://www.bilibili.com/v/technology/?type=7
数码,https://www.bilibili.com/v/digital/?type=8
生活,https://www.bilibili.com/v/life/?type=9
鬼畜,https://www.bilibili.com/v/kichiku/?type=10
时尚,https://www.bilibili.com/v/fashion/?type=11
广告,https://www.bilibili.com/v/ad/ad/?type=12
娱乐,https://www.bilibili.com/v/ent/?type=13
影视,https://www.bilibili.com/v/cinephile/?type=14
放映厅,https://www.bilibili.com/cinema/?type=15
动画,https://www.bilibili.com/v/douga/?type=1
番剧,https://www.bilibili.com/anime/?type=2
国创,https://www.bilibili.com/guochuang/?type=3
音乐,https://www.bilibili.com/v/music/?type=4
舞蹈,https://www.bilibili.com/v/dance/?type=5
游戏,https://www.bilibili.com/v/game/?type=6
科技,https://www.bilibili.com/v/technology/?type=7
数码,https://www.bilibili.com/v/digital/?type=8
生活,https://www.bilibili.com/v/life/?type=9
鬼畜,https://www.bilibili.com/v/kichiku/?type=10
时尚,https://www.bilibili.com/v/fashion/?type=11
广告,https://www.bilibili.com/v/ad/ad/?type=12
娱乐,https://www.bilibili.com/v/ent/?type=13
影视,https://www.bilibili.com/v/cinephile/?type=14
放映厅,https://www.bilibili.com/cinema/?type=15
动画,https://www.bilibili.com/v/douga/?type=1
番剧,https://www.bilibili.com/anime/?type=2
国创,https://www.bilibili.com/guochuang/?type=3
音乐,https://www.bilibili.com/v/music/?type=4
舞蹈,https://www.bilibili.com/v/dance/?type=5
游戏,https://www.bilibili.com/v/game/?type=6
科技,https://www.bilibili.com/v/technology/?type=7
数码,https://www.bilibili.com/v/digital/?type=8
生活,https://www.bilibili.com/v/life/?type=9
鬼畜,https://www.bilibili.com/v/kichiku/?type=10
时尚,https://www.bilibili.com/v/fashion/?type=11
广告,https://www.bilibili.com/v/ad/ad/?type=12
娱乐,https://www.bilibili.com/v/ent/?type=13
影视,https://www.bilibili.com/v/cinephile/?type=14
放映厅,https://www.bilibili.com/cinema/?type=15
动画,https://www.bilibili.com/v/douga/?type=1
番剧,https://www.bilibili.com/anime/?type=2
国创,https://www.bilibili.com/guochuang/?type=3
音乐,https://www.bilibili.com/v/music/?type=4
舞蹈,https://www.bilibili.com/v/dance/?type=5
游戏,https://www.bilibili.com/v/game/?type=6
科技,https://www.bilibili.com/v/technology/?type=7
数码,https://www.bilibili.com/v/digital/?type=8
生活,https://www.bilibili.com/v/life/?type=9
鬼畜,https://www.bilibili.com/v/kichiku/?type=10
时尚,https://www.bilibili.com/v/fashion/?type=11
广告,https://www.bilibili.com/v/ad/ad/?type=12
娱乐,https://www.bilibili.com/v/ent/?type=13
影视,https://www.bilibili.com/v/cinephile/?type=14
放映厅,https://www.bilibili.com/cinema/?type=15
动画,https://www.bilibili.com/v/douga/?type=1
番剧,https://www.bilibili.com/anime/?type=2
国创,https://www.bilibili.com/guochuang/?type=3
音乐,https://www.bilibili.com/v/music/?type=4
舞蹈,https://www.bilibili.com/v/dance/?type=5
游戏,https://www.bilibili.com/v/game/?type=6
科技,https://www.bilibili.com/v/technology/?type=7
数码,https://www.bilibili.com/v/digital/?type=8
生活,https://www.bilibili.com/v/life/?type=9
鬼畜,https://www.bilibili.com/v/kichiku/?type=10
时尚,https://www.bilibili.com/v/fashion/?type=11
广告,https://www.bilibili.com/v/ad/ad/?type=12
娱乐,https://www.bilibili.com/v/ent/?type=13
影视,https://www.bilibili.com/v/cinephile/?type=14
放映厅,https://www.bilibili.com/cinema/?type=15
动画,https://www.bilibili.com/v/douga/?type=1
番剧,https://www.bilibili.com/anime/?type=2
国创,https://www.bilibili.com/guochuang/?type=3
音乐,https://www.bilibili.com/v/music/?type=4
舞蹈,https://www.bilibili.com/v/dance/?type=5
游戏,https://www.bilibili.com/v/game/?type=6
科技,https://www.bilibili.com/v/technology/?type=7
数码,https://www.bilibili.com/v/digital/?type=8
生活,https://www.bilibili.com/v/life/?type=9
鬼畜,https://www.bilibili.com/v/kichiku/?type=10
时尚,https://www.bilibili.com/v/fashion/?type=11
广告,https://www.bilibili.com/v/ad/ad/?type=12
娱乐,https://www.bilibili.com/v/ent/?type=13
影视,https://www.bilibili.com/v/cinephile/?type=14
放映厅,https://www.bilibili.com/cinema/?type=15
动画,https://www.bilibili.com/v/douga/?type=1
番剧,https://www.bilibili.com/anime/?type=2
国创,https://www.bilibili.com/guochuang/?type=3
音乐,https://www.bilibili.com/v/music/?type=4
舞蹈,https://www.bilibili.com/v/dance/?type=5
游戏,https://www.bilibili.com/v/game/?type=6
科技,https://www.bilibili.com/v/technology/?type=7
数码,https://www.bilibili.com/v/digital/?type=8
生活,https://www.bilibili.com/v/life/?type=9
鬼畜,https://www.bilibili.com/v/kichiku/?type=10
时尚,https://www.bilibili.com/v/fashion/?type=11
广告,https://www.bilibili.com/v/ad/ad/?type=12
娱乐,https://www.bilibili.com/v/ent/?type=13
影视,https://www.bilibili.com/v/cinephile/?type=14
放映厅,https://www.bilibili.com/cinema/?type=15
动画,https://www.bilibili.com/v/douga/?type=1
番剧,https://www.bilibili.com/anime/?type=2
国创,https://www.bilibili.com/guochuang/?type=3
音乐,https://www.bilibili.com/v/music/?type=4
舞蹈,https://www.bilibili.com/v/dance/?type=5
游戏,https://www.bilibili.com/v/game/?type=6
科技,https://www.bilibili.com/v/technology/?type=7
数码,https://www.bilibili.com/v/digital/?type=8
生活,https://www.bilibili.com/v/life/?type=9
鬼畜,https://www.bilibili.com/v/kichiku/?type=10
时尚,https://www.bilibili.com/v/fashion/?type=11
广告,https://www.bilibili.com/v/ad/ad/?type=12
娱乐,https://www.bilibili.com/v/ent/?type=13
影视,https://www.bilibili.com/v/cinephile/?type=14
放映厅,https://www.bilibili.com/cinema/?type=15
动画,https://www.bilibili.com/v/douga/?type=1
番剧,https://www.bilibili.com/anime/?type=2
国创,https://www.bilibili.com/guochuang/?type=3
音乐,https://www.bilibili.com/v/music/?type=4
舞蹈,https://www.bilibili.com/v/dance/?type=5
游戏,https://www.bilibili.com/v/game/?type=6
科技,https://www.bilibili.com/v/technology/?type=7
数码,https://www.bilibili.com/v/digital/?type=8
生活,https://www.bilibili.com/v/life/?type=9
鬼畜,https://www.bilibili.com/v/kichiku/?type=10
时尚,https://www.bilibili.com/v/fashion/?type=11
广告,https://www.bilibili.com/v/ad/ad/?type=12
娱乐,https://www.bilibili.com/v/ent/?type=13
影视,https://www.bilibili.com/v/cinephile/?type=14
放映厅,https://www.bilibili.com/cinema/?type=15
动画,https://www.bilibili.com/v/douga/?type=1
番剧,https://www.bilibili.com/anime/?type=2
国创,https://www.bilibili.com/guochuang/?type=3
音乐,https://www.bilibili.com/v/music/?type=4
舞蹈,https://www.bilibili.com/v/dance/?type=5
游戏,https://www.bilibili.com/v/game/?type=6
科技,https://www.bilibili.com/v/technology/?type=7
数码,https://www.bilibili.com/v/digital/?type=8
生活,https://www.bilibili.com/v/life/?type=9
鬼畜,https://www.bilibili.com/v/kichiku/?type=10
时尚,https://www.bilibili.com/v/fashion/?type=11
广告,https://www.bilibili.com/v/ad/ad/?type=12
娱乐,https://www.bilibili.com/v/ent/?type=13
影视,https://www.bilibili.com/v/cinephile/?type=14
放映厅,https://www.bilibili.com/cinema/?type=15
动画,https://www.bilibili.com/v/douga/?type=1
番剧,https://www.bilibili.com/anime/?type=2
国创,https://www.bilibili.com/guochuang/?type=3
音乐,https://www.bilibili.com/v/music/?type=4
舞蹈,https://www.bilibili.com/v/dance/?type=5
游戏,https://www.bilibili.com/v/game/?type=6
科技,https://www.bilibili.com/v/technology/?type=7
数码,https://www.bilibili.com/v/digital/?type=8
生活,https://www.bilibili.com/v/life/?type=9
鬼畜,https://www.bilibili.com/v/kichiku/?type=10
时尚,https://www.bilibili.com/v/fashion/?type=11
广告,https://www.bilibili.com/v/ad/ad/?type=12
娱乐,https://www.bilibili.com/v/ent/?type=13
影视,https://www.bilibili.com/v/cinephile/?type=14
放映厅,https://www.bilibili.com/cinema/?type=15
动画,https://www.bilibili.com/v/douga/?type=1
番剧,https://www.bilibili.com/anime/?type=2
国创,https://www.bilibili.com/guochuang/?type=3
音乐,https://www.bilibili.com/v/music/?type=4
舞蹈,https://www.bilibili.com/v/dance/?type=5
游戏,https://www.bilibili.com/v/game/?type=6
科技,https://www.bilibili.com/v/technology/?type=7
数码,https://www.bilibili.com/v/digital/?type=8
生活,https://www.bilibili.com/v/life/?type=9
鬼畜,https://www.bilibili.com/v/kichiku/?type=10
时尚,https://www.bilibili.com/v/fashion/?type=11
广告,https://www.bilibili.com/v/ad/ad/?type=12
娱乐,https://www.bilibili.com/v/ent/?type=13
影视,https://www.bilibili.com/v/cinephile/?type=14
放映厅,https://www.bilibili.com/cinema/?type=15
动画,https://www.bilibili.com/v/douga/?type=1
番剧,https://www.bilibili.com/anime/?type=2
国创,https://www.bilibili.com/guochuang/?type=3
音乐,https://www.bilibili.com/v/music/?type=4
舞蹈,https://www.bilibili.com/v/dance/?type=5
游戏,https://www.bilibili.com/v/game/?type=6
科技,https://www.bilibili.com/v/technology/?type=7
数码,https://www.bilibili.com/v/digital/?type=8
生活,https://www.bilibili.com/v/life/?type=9
鬼畜,https://www.bilibili.com/v/kichiku/?type=10
时尚,https://www.bilibili.com/v/fashion/?type=11
广告,https://www.bilibili.com/v/ad/ad/?type=12
娱乐,https://www.bilibili.com/v/ent/?type=13
影视,https://www.bilibili.com/v/cinephile/?type=14
放映厅,https://www.bilibili.com/cinema/?type=15
